{
  "project_info": {
    "project_number": "730780310339",
    "firebase_url": "https://newsbuzz-8c3f2.firebaseio.com",
    "project_id": "newsbuzz-8c3f2",
    "storage_bucket": "newsbuzz-8c3f2.appspot.com"
  },
  "client": [
    {
      "client_info": {
        "mobilesdk_app_id": "1:730780310339:android:bba3d2c7c1f4be75",
        "android_client_info": {
          "package_name": "com.example.yuva.newsbuzz"
        }
      },
      "oauth_client": [
        {
          "client_id": "730780310339-do2ooohc76o8djn3c06mkb536pp0g5f6.apps.googleusercontent.com",
          "client_type": 1,
          "android_info": {
            "package_name": "com.example.yuva.newsbuzz",
            "certificate_hash": "238ac25690acf362c1ddbee5cc2baea34f7acd33"
          }
        },
        {
          "client_id": "730780310339-bai24mik1ahhogh03mco65o1eqj288ej.apps.googleusercontent.com",
          "client_type": 3
        }
      ],
      "api_key": [
        {
          "current_key": "AIzaSyDr8FHcbKntuE_O_7Om4EtQkzgyi0rcU-4"
        }
      ],
      "services": {
        "analytics_service": {
          "status": 1
        },
        "appinvite_service": {
          "status": 2,
          "other_platform_oauth_client": [
            {
              "client_id": "730780310339-bai24mik1ahhogh03mco65o1eqj288ej.apps.googleusercontent.com",
              "client_type": 3
            }
          ]
        },
        "ads_service": {
          "status": 2
        }
      }
    }
  ],
  "configuration_version": "1"
}